2301: 2301
rand: Rand Dining Center
commons: The Commons Dining Center
the-commons: The Commons Dining Center
ebi: E. Bronson Ingram Dining Center
ingram: E. Bronson Ingram Dining Center
bronson-ingram: E. Bronson Ingram Dining Center
e.-bronson-ingram: E. Bronson Ingram Dining Center
e-bronson-ingram: E. Bronson Ingram Dining Center
kissam: The Kitchen at Kissam
kitchen: The Kitchen at Kissam
the-kitchen: The Kitchen at Kissam
kissam-kitchen: The Kitchen at Kissam
kitchen-kissamn: The Kitchen at Kissam
kitchen-at-kissam: The Kitchen at Kissam
the-kitchen-at-kissam: The Kitchen at Kissam
zeppos: Zeppos Dining
branscomb: Branscomb Munchie
branscomb-munchie: Branscomb Munchie
commons-munchie: Commons Munchie
common-grounds: Commons Munchie
common-grounds-munchie: Commons Munchie
highland: Highland Munchie
highland-munchie: Highland Munchie
kissam-munchie: Kissam Munchie
alumni: Alumni Cafe
alumni-cafe: Alumni Cafe
suzie-food-for-thought: Food for Thought Cafe
suzies-food-for-thought: Food for Thought Cafe
suzie-central: Food for Thought Cafe
suzies-central: Food for Thought Cafe
suzie-central-library: Food for Thought Cafe
suzies-central-library: Food for Thought Cafe
suzie-blair: Blair School of Music
suzies-blair: Blair School of Music
suzie-music: Blair School of Music
suzies-music: Blair School of Music
suzie-mrb: MRB III
suzies-mrb: MRB III
grins: Grins Vegetarian Cafe
grins-vegetarian: Grins Vegetarian Cafe
suzie-featheringill: Featheringill
suzies-featheringill: Featheringill
rothschild: Rothschild Dining Center
pub: The Pub at Overcup Oak
the-pub: The Pub at Overcup Oak